Graph,MaxFlow,AverageExecTime
1,1058,0.0291983
2,11189,0.0679685
3,2964,0.237804
4,13486,3.64674
5,26360,6.95127
6,26812,12.0211
